שם,מספר זהות,מחלקה,תפקיד,תאריך פתיחת משרה,תאריך תחילת עבודה,חוזה,טופס 101,הדרכות,ציוד,הרשאות,תאריך עזיבה,ימים בעבודה,סיום תקופת ניסיון,תקופת ניסיון,משימות חסרות,משימות בחריגה,זמן איוש (ימים),חודש קליטה
נועה כהן,312456783,פיתוח,מפתחת Full Stack,20/07/2026,01/09/2026,הושלם,הושלם,בתהליך,הושלם,הושלם,,33,01/03/2027,עדיין בתקופה,1,1,43,2026-09
איתי כהן,204587315,פיתוח,מפתח Backend,01/08/2026,14/09/2026,הושלם,בתהליך,טרם התחיל,בתהליך,טרם התחיל,,20,14/03/2027,עדיין בתקופה,4,3,44,2026-09
שירה מזרחי,309871259,שיווק,מנהלת קמפיינים,05/07/2026,07/09/2026,בתהליך,טרם התחיל,טרם התחיל,בתהליך,בתהליך,,27,07/03/2027,עדיין בתקופה,5,4,64,2026-09
יונתן אברהם,321459877,מכירות,נציג מכירות,10/08/2026,21/09/2026,טרם התחיל,טרם התחיל,טרם התחיל,טרם התחיל,טרם התחיל,,13,21/03/2027,עדיין בתקופה,5,2,42,2026-09
מיכל פרץ,28765436,תפעול,רכזת לוגיסטיקה,15/06/2026,03/08/2026,הושלם,הושלם,בתהליך,הושלם,הושלם,,62,03/02/2027,עדיין בתקופה,1,1,49,2026-08
דניאל ביטון,33124561,פיתוח,מהנדס QA,20/05/2026,01/07/2026,הושלם,הושלם,הושלם,הושלם,הושלם,,95,01/01/2027,עדיין בתקופה,0,0,42,2026-07
רוני שלום,205678907,משאבי אנוש,רכזת גיוס,01/05/2026,15/06/2026,הושלם,הושלם,הושלם,הושלם,הושלם,28/08/2026,111,15/12/2026,בלי המשך,0,0,45,2026-06
אביגיל דהן,314561234,כספים,חשבת שכר,10/02/2026,01/04/2026,הושלם,הושלם,הושלם,הושלם,הושלם,,186,01/10/2026,עבר,0,0,50,2026-04
עומר גבאי,302145677,מכירות,מנהל לקוחות,01/02/2026,15/03/2026,הושלם,הושלם,הושלם,הושלם,הושלם,,203,15/09/2026,עבר,0,0,42,2026-03
תמר אוחיון,325678142,שירות לקוחות,נציגת שירות,01/03/2026,12/04/2026,הושלם,הושלם,הושלם,הושלם,הושלם,,175,12/10/2026,עדיין בתקופה,0,0,42,2026-04
אלון חדד,203456124,שירות לקוחות,נציג שירות,05/01/2026,02/02/2026,הושלם,הושלם,הושלם,הושלם,הושלם,20/05/2026,244,02/08/2026,בלי המשך,0,0,28,2026-02
הדס עמר,316789452,שיווק,כותבת תוכן,01/12/2025,11/01/2026,הושלם,הושלם,הושלם,הושלם,הושלם,,266,11/07/2026,עבר,0,0,41,2026-01
יואב אזולאי,304567811,פיתוח,מפתח Frontend,15/10/2025,01/12/2025,הושלם,הושלם,הושלם,הושלם,הושלם,,307,01/06/2026,עבר,0,0,47,2025-12
ליאור בן דוד,327894564,תפעול,מנהל משמרת,01/04/2026,10/05/2026,הושלם,הושלם,הושלם,הושלם,הושלם,20/10/2026,147,10/11/2026,עדיין בתקופה,0,0,39,2026-05
נועה לוי,209876549,מכירות,נציגת מכירות,01/06/2026,19/07/2026,הושלם,הושלם,הושלם,הושלם,בתהליך,,77,19/01/2027,עדיין בתקופה,1,1,48,2026-07
גיל מלכה,318945672,כספים,אנליסט פיננסי,,01/06/2026,הושלם,הושלם,הושלם,הושלם,הושלם,,125,01/12/2026,עדיין בתקופה,0,0,,2026-06
אסף רוזמן,306754326,פיתוח,ראש צוות DevOps,15/08/2026,04/10/2026,הושלם,טרם התחיל,טרם התחיל,טרם התחיל,טרם התחיל,,0,04/04/2027,עדיין בתקופה,4,0,50,2026-10
קרן יוסף,201239878,שירות לקוחות,ראשת צוות שירות,01/08/2025,21/09/2025,הושלם,הושלם,הושלם,הושלם,הושלם,,378,21/03/2026,עבר,0,0,51,2025-09
עידן שמעוני,319876124,משאבי אנוש,רכז רווחה,01/07/2026,17/08/2026,הושלם,הושלם,בתהליך,הושלם,הושלם,,48,17/02/2027,עדיין בתקופה,1,1,47,2026-08
מאיה פרידמן,324560986,שיווק,מעצבת גרפית,01/09/2025,20/10/2025,הושלם,הושלם,הושלם,הושלם,הושלם,10/03/2026,349,20/04/2026,בלי המשך,0,0,49,2025-10
